{"150.jpg": 0.6409636024847725, "151.jpg": 0.6593876998126189, "152.jpg": 0.9821281375296768, "153.jpg": 0.11870853858360075, "154.jpg": 0.019336464310487966, "155.jpg": 0.2981020252383647, "156.jpg": 0.5576633667389299, "157.jpg": 0.16541783921156827, "158.jpg": 0.44235764566750047, "159.jpg": 0.3052095897726037, "300.jpg": 0.3879678110324418, "301.jpg": 0.9023780984841167, "302.jpg": 0.9328787950728632, "303.jpg": 0.8684996386962929, "304.jpg": 0.8067862622873416, "305.jpg": 0.3757347397415146, "306.jpg": 0.3978552758556573, "307.jpg": 0.8954096920610539, "308.jpg": 0.6185174821693596, "309.jpg": 0.9128931981648296}